{
  "timestamp": "2025-09-12T05:07:31.311Z",
  "environment": {
    "platform": "darwin",
    "nodeVersion": "v24.3.0",
    "bunVersion": "1.2.21"
  },
  "metrics": {
    "typescript": {
      "avgExecutionMs": 839.8144723333334,
      "maxExecutionMs": 1108.377417,
      "avgMemoryMB": 0.8986603418986002,
      "maxMemoryMB": 1.6769123077392578,
      "diagnosticCount": 9,
      "sampleSize": 3
    },
    "python": {
      "avgExecutionMs": 0.46608333333354796,
      "maxExecutionMs": 0.8213749999999891,
      "avgMemoryMB": 0,
      "maxMemoryMB": 0,
      "diagnosticCount": 0,
      "sampleSize": 3
    }
  }
}
